new_filename,original_filename,ego_agent_idx,interactivity_score,map_id
map_000000.bin,map_032035.bin,34,0.981312,32035
map_000001.bin,map_005373.bin,37,0.978784,5373
map_000002.bin,map_018598.bin,57,0.967776,18598
map_000003.bin,map_001584.bin,20,0.966942,1584
map_000004.bin,map_040756.bin,7,0.953827,40756
map_000005.bin,map_037369.bin,13,0.952304,37369
map_000006.bin,map_029899.bin,0,0.951705,29899
map_000007.bin,map_013656.bin,44,0.951109,13656
map_000008.bin,map_009038.bin,82,0.941122,9038
map_000009.bin,map_013203.bin,10,0.939582,13203
map_000010.bin,map_013560.bin,18,0.938268,13560
map_000011.bin,map_027511.bin,128,0.937722,27511
map_000012.bin,map_024113.bin,13,0.937157,24113
map_000013.bin,map_026281.bin,6,0.936942,26281
map_000014.bin,map_022945.bin,46,0.936463,22945
map_000015.bin,map_001656.bin,14,0.934196,1656
map_000016.bin,map_021315.bin,24,0.933699,21315
map_000017.bin,map_032163.bin,2,0.933061,32163
map_000018.bin,map_026764.bin,21,0.931418,26764
map_000019.bin,map_032281.bin,63,0.929345,32281
map_000020.bin,map_024278.bin,8,0.929273,24278
map_000021.bin,map_009214.bin,5,0.929048,9214
map_000022.bin,map_019040.bin,4,0.928558,19040
map_000023.bin,map_005085.bin,11,0.926271,5085
map_000024.bin,map_035080.bin,35,0.925018,35080
map_000025.bin,map_011547.bin,12,0.925000,11547
map_000026.bin,map_033823.bin,53,0.924092,33823
map_000027.bin,map_041419.bin,6,0.923849,41419
map_000028.bin,map_003628.bin,27,0.923800,3628
map_000029.bin,map_037610.bin,79,0.922970,37610
map_000030.bin,map_030112.bin,15,0.922598,30112
map_000031.bin,map_037993.bin,19,0.922387,37993
map_000032.bin,map_018708.bin,13,0.921518,18708
map_000033.bin,map_027034.bin,16,0.921376,27034
map_000034.bin,map_010924.bin,8,0.917855,10924
map_000035.bin,map_014311.bin,50,0.917715,14311
map_000036.bin,map_036000.bin,19,0.917666,36000
map_000037.bin,map_031618.bin,1,0.916623,31618
map_000038.bin,map_021413.bin,9,0.915733,21413
map_000039.bin,map_004022.bin,44,0.915367,4022
map_000040.bin,map_021482.bin,13,0.915088,21482
map_000041.bin,map_032163.bin,23,0.914775,32163
map_000042.bin,map_004218.bin,20,0.914386,4218
map_000043.bin,map_032996.bin,56,0.913945,32996
map_000044.bin,map_037369.bin,9,0.913734,37369
map_000045.bin,map_022469.bin,25,0.913432,22469
map_000046.bin,map_040200.bin,37,0.912889,40200
map_000047.bin,map_026584.bin,49,0.912026,26584
map_000048.bin,map_030892.bin,6,0.911488,30892
map_000049.bin,map_032985.bin,4,0.911243,32985
map_000050.bin,map_025042.bin,15,0.910756,25042
map_000051.bin,map_025042.bin,37,0.910674,25042
map_000052.bin,map_032031.bin,45,0.910211,32031
map_000053.bin,map_004184.bin,6,0.908816,4184
map_000054.bin,map_025191.bin,12,0.908694,25191
map_000055.bin,map_000397.bin,13,0.908512,397
map_000056.bin,map_035110.bin,41,0.908385,35110
map_000057.bin,map_032068.bin,3,0.907663,32068
map_000058.bin,map_026296.bin,13,0.906141,26296
map_000059.bin,map_035167.bin,5,0.905602,35167
map_000060.bin,map_029452.bin,54,0.904477,29452
map_000061.bin,map_023031.bin,39,0.904230,23031
map_000062.bin,map_039633.bin,69,0.904225,39633
map_000063.bin,map_006900.bin,14,0.903645,6900
map_000064.bin,map_029188.bin,33,0.903277,29188
map_000065.bin,map_009450.bin,48,0.902959,9450
map_000066.bin,map_004671.bin,0,0.902855,4671
map_000067.bin,map_027516.bin,12,0.901927,27516
map_000068.bin,map_018778.bin,8,0.901789,18778
map_000069.bin,map_020030.bin,19,0.901215,20030
map_000070.bin,map_015765.bin,21,0.901047,15765
map_000071.bin,map_003399.bin,22,0.900444,3399
map_000072.bin,map_035193.bin,35,0.900216,35193
map_000073.bin,map_012582.bin,3,0.900156,12582
map_000074.bin,map_032864.bin,29,0.900117,32864
map_000075.bin,map_013593.bin,0,0.900000,13593
map_000076.bin,map_005481.bin,21,0.899778,5481
map_000077.bin,map_031145.bin,6,0.899616,31145
map_000078.bin,map_037993.bin,34,0.899065,37993
map_000079.bin,map_033059.bin,35,0.898712,33059
map_000080.bin,map_009773.bin,78,0.898648,9773
map_000081.bin,map_026610.bin,59,0.898077,26610
map_000082.bin,map_000787.bin,88,0.898049,787
map_000083.bin,map_031850.bin,24,0.897992,31850
map_000084.bin,map_027035.bin,11,0.897782,27035
map_000085.bin,map_030218.bin,8,0.897654,30218
map_000086.bin,map_004893.bin,8,0.897441,4893
map_000087.bin,map_031415.bin,102,0.897305,31415
map_000088.bin,map_034959.bin,60,0.897238,34959
map_000089.bin,map_009214.bin,11,0.897233,9214
map_000090.bin,map_030112.bin,6,0.897226,30112
map_000091.bin,map_027715.bin,11,0.897210,27715
map_000092.bin,map_038228.bin,26,0.897192,38228
map_000093.bin,map_039789.bin,27,0.896971,39789
map_000094.bin,map_015072.bin,41,0.896223,15072
map_000095.bin,map_024693.bin,26,0.895432,24693
map_000096.bin,map_025617.bin,7,0.895422,25617
map_000097.bin,map_003267.bin,127,0.895345,3267
map_000098.bin,map_034962.bin,9,0.895000,34962
map_000099.bin,map_025602.bin,49,0.894672,25602
map_000100.bin,map_037864.bin,9,0.894459,37864
map_000101.bin,map_035122.bin,11,0.894260,35122
map_000102.bin,map_015066.bin,69,0.894161,15066
map_000103.bin,map_016764.bin,44,0.894150,16764
map_000104.bin,map_028142.bin,95,0.894090,28142
map_000105.bin,map_001718.bin,8,0.894045,1718
map_000106.bin,map_036584.bin,2,0.893948,36584
map_000107.bin,map_000613.bin,2,0.893671,613
map_000108.bin,map_004511.bin,25,0.893537,4511
map_000109.bin,map_025470.bin,44,0.893103,25470
map_000110.bin,map_002460.bin,10,0.892935,2460
map_000111.bin,map_022066.bin,8,0.892910,22066
map_000112.bin,map_017662.bin,33,0.892437,17662
map_000113.bin,map_010248.bin,7,0.891981,10248
map_000114.bin,map_019489.bin,6,0.891536,19489
map_000115.bin,map_000423.bin,7,0.891384,423
map_000116.bin,map_026045.bin,11,0.890711,26045
map_000117.bin,map_038055.bin,17,0.890683,38055
map_000118.bin,map_008093.bin,33,0.890490,8093
map_000119.bin,map_017084.bin,4,0.890380,17084
map_000120.bin,map_003722.bin,8,0.889868,3722
map_000121.bin,map_017208.bin,8,0.889454,17208
map_000122.bin,map_034959.bin,59,0.889320,34959
map_000123.bin,map_040350.bin,30,0.889224,40350
map_000124.bin,map_035298.bin,0,0.889029,35298
map_000125.bin,map_037268.bin,29,0.888870,37268
map_000126.bin,map_027787.bin,27,0.888815,27787
map_000127.bin,map_022945.bin,41,0.888669,22945
map_000128.bin,map_007247.bin,95,0.888639,7247
map_000129.bin,map_037069.bin,8,0.888342,37069
map_000130.bin,map_023490.bin,10,0.887655,23490
map_000131.bin,map_029452.bin,16,0.887608,29452
map_000132.bin,map_027452.bin,24,0.887156,27452
map_000133.bin,map_011367.bin,32,0.886905,11367
map_000134.bin,map_036299.bin,16,0.886839,36299
map_000135.bin,map_020748.bin,13,0.886383,20748
map_000136.bin,map_009983.bin,5,0.885956,9983
map_000137.bin,map_023083.bin,2,0.885915,23083
map_000138.bin,map_006869.bin,25,0.885563,6869
map_000139.bin,map_039000.bin,92,0.885546,39000
map_000140.bin,map_001865.bin,37,0.885536,1865
map_000141.bin,map_011835.bin,9,0.885525,11835
map_000142.bin,map_001644.bin,32,0.885229,1644
map_000143.bin,map_001742.bin,6,0.885186,1742
map_000144.bin,map_011086.bin,117,0.885049,11086
map_000145.bin,map_032035.bin,29,0.885006,32035
map_000146.bin,map_015587.bin,5,0.884994,15587
map_000147.bin,map_024278.bin,6,0.884330,24278
map_000148.bin,map_014396.bin,3,0.884045,14396
map_000149.bin,map_003867.bin,6,0.883740,3867
map_000150.bin,map_013946.bin,21,0.883313,13946
map_000151.bin,map_018127.bin,42,0.882874,18127
map_000152.bin,map_035247.bin,44,0.882626,35247
map_000153.bin,map_006135.bin,3,0.882568,6135
map_000154.bin,map_018031.bin,19,0.882451,18031
map_000155.bin,map_025230.bin,8,0.882393,25230
map_000156.bin,map_000934.bin,8,0.882385,934
map_000157.bin,map_034076.bin,4,0.882321,34076
map_000158.bin,map_014515.bin,6,0.881766,14515
map_000159.bin,map_029498.bin,26,0.881455,29498
map_000160.bin,map_039841.bin,14,0.880784,39841
map_000161.bin,map_029899.bin,8,0.880588,29899
map_000162.bin,map_001626.bin,29,0.880413,1626
map_000163.bin,map_041502.bin,5,0.880299,41502
map_000164.bin,map_034504.bin,7,0.880067,34504
map_000165.bin,map_033611.bin,22,0.879921,33611
map_000166.bin,map_010505.bin,3,0.879163,10505
map_000167.bin,map_037268.bin,62,0.878365,37268
map_000168.bin,map_021525.bin,22,0.877751,21525
map_000169.bin,map_008609.bin,14,0.877586,8609
map_000170.bin,map_032823.bin,47,0.877382,32823
map_000171.bin,map_015178.bin,23,0.876926,15178
map_000172.bin,map_021569.bin,16,0.876504,21569
map_000173.bin,map_006275.bin,3,0.876484,6275
map_000174.bin,map_010091.bin,6,0.876468,10091
map_000175.bin,map_029881.bin,1,0.876393,29881
map_000176.bin,map_035334.bin,8,0.875557,35334
map_000177.bin,map_029248.bin,2,0.874997,29248
map_000178.bin,map_001801.bin,9,0.874674,1801
map_000179.bin,map_013523.bin,132,0.874609,13523
map_000180.bin,map_009913.bin,2,0.874378,9913
map_000181.bin,map_016932.bin,25,0.873956,16932
map_000182.bin,map_015192.bin,77,0.873901,15192
map_000183.bin,map_008265.bin,7,0.873675,8265
map_000184.bin,map_020787.bin,96,0.873642,20787
map_000185.bin,map_012767.bin,26,0.873156,12767
map_000186.bin,map_008422.bin,7,0.873061,8422
map_000187.bin,map_003378.bin,4,0.872501,3378
map_000188.bin,map_012596.bin,15,0.872383,12596
map_000189.bin,map_005322.bin,0,0.872380,5322
map_000190.bin,map_010479.bin,16,0.872306,10479
map_000191.bin,map_035860.bin,33,0.872295,35860
map_000192.bin,map_013389.bin,8,0.872292,13389
map_000193.bin,map_027715.bin,10,0.872202,27715
map_000194.bin,map_030032.bin,27,0.872180,30032
map_000195.bin,map_037216.bin,81,0.871935,37216
map_000196.bin,map_013560.bin,14,0.871747,13560
map_000197.bin,map_030249.bin,15,0.871712,30249
map_000198.bin,map_030872.bin,168,0.871469,30872
map_000199.bin,map_028493.bin,4,0.871306,28493
map_000200.bin,map_000137.bin,30,0.870891,137
map_000201.bin,map_004663.bin,36,0.870698,4663
map_000202.bin,map_001160.bin,9,0.870501,1160
map_000203.bin,map_032985.bin,18,0.870432,32985
map_000204.bin,map_025505.bin,29,0.870316,25505
map_000205.bin,map_008034.bin,109,0.870262,8034
map_000206.bin,map_013825.bin,85,0.870164,13825
map_000207.bin,map_004022.bin,54,0.870086,4022
map_000208.bin,map_024076.bin,25,0.869862,24076
map_000209.bin,map_027237.bin,4,0.869851,27237
map_000210.bin,map_028383.bin,2,0.869625,28383
map_000211.bin,map_008455.bin,54,0.869587,8455
map_000212.bin,map_001098.bin,24,0.869196,1098
map_000213.bin,map_019976.bin,19,0.869138,19976
map_000214.bin,map_011543.bin,24,0.868198,11543
map_000215.bin,map_013065.bin,10,0.867966,13065
map_000216.bin,map_033561.bin,81,0.867860,33561
map_000217.bin,map_029755.bin,43,0.867779,29755
map_000218.bin,map_014847.bin,101,0.867655,14847
map_000219.bin,map_025179.bin,61,0.867439,25179
map_000220.bin,map_017745.bin,71,0.867208,17745
map_000221.bin,map_025894.bin,76,0.867190,25894
map_000222.bin,map_030187.bin,27,0.866987,30187
map_000223.bin,map_004716.bin,21,0.866290,4716
map_000224.bin,map_025496.bin,51,0.866023,25496
map_000225.bin,map_041122.bin,36,0.865800,41122
map_000226.bin,map_013203.bin,7,0.865694,13203
map_000227.bin,map_031451.bin,7,0.865482,31451
map_000228.bin,map_036203.bin,8,0.865271,36203
map_000229.bin,map_032035.bin,23,0.865204,32035
map_000230.bin,map_019618.bin,83,0.865126,19618
map_000231.bin,map_019822.bin,47,0.865106,19822
map_000232.bin,map_010828.bin,49,0.864851,10828
map_000233.bin,map_030194.bin,6,0.864819,30194
map_000234.bin,map_035933.bin,9,0.864661,35933
map_000235.bin,map_039538.bin,2,0.864345,39538
map_000236.bin,map_040350.bin,29,0.864209,40350
map_000237.bin,map_020380.bin,84,0.864181,20380
map_000238.bin,map_036329.bin,4,0.863997,36329
map_000239.bin,map_018191.bin,46,0.863988,18191
map_000240.bin,map_009450.bin,64,0.863918,9450
map_000241.bin,map_002825.bin,24,0.863257,2825
map_000242.bin,map_000835.bin,42,0.863096,835
map_000243.bin,map_026795.bin,9,0.862176,26795
map_000244.bin,map_039375.bin,6,0.861931,39375
map_000245.bin,map_005931.bin,23,0.861828,5931
map_000246.bin,map_028554.bin,5,0.861777,28554
map_000247.bin,map_025603.bin,118,0.861612,25603
map_000248.bin,map_012339.bin,33,0.861544,12339
map_000249.bin,map_011522.bin,59,0.861471,11522
map_000250.bin,map_031779.bin,52,0.861340,31779
map_000251.bin,map_023481.bin,66,0.861333,23481
map_000252.bin,map_018548.bin,6,0.861029,18548
map_000253.bin,map_035337.bin,13,0.860927,35337
map_000254.bin,map_038015.bin,4,0.860506,38015
map_000255.bin,map_017208.bin,22,0.860447,17208
map_000256.bin,map_021491.bin,16,0.860388,21491
map_000257.bin,map_038228.bin,5,0.860381,38228
map_000258.bin,map_007117.bin,14,0.860132,7117
map_000259.bin,map_037116.bin,2,0.860105,37116
map_000260.bin,map_036734.bin,32,0.860016,36734
map_000261.bin,map_035218.bin,13,0.859962,35218
map_000262.bin,map_041181.bin,5,0.859872,41181
map_000263.bin,map_011897.bin,0,0.859686,11897
map_000264.bin,map_010315.bin,17,0.859347,10315
map_000265.bin,map_009983.bin,2,0.859130,9983
map_000266.bin,map_024038.bin,1,0.859041,24038
map_000267.bin,map_000760.bin,40,0.858983,760
map_000268.bin,map_019792.bin,13,0.858799,19792
map_000269.bin,map_020937.bin,14,0.858630,20937
map_000270.bin,map_014725.bin,8,0.858572,14725
map_000271.bin,map_027437.bin,0,0.858294,27437
map_000272.bin,map_022051.bin,2,0.858162,22051
map_000273.bin,map_029004.bin,9,0.858084,29004
map_000274.bin,map_005587.bin,1,0.858037,5587
map_000275.bin,map_016171.bin,37,0.857700,16171
map_000276.bin,map_024425.bin,185,0.857406,24425
map_000277.bin,map_027823.bin,14,0.857337,27823
map_000278.bin,map_001345.bin,23,0.857185,1345
map_000279.bin,map_015227.bin,7,0.857067,15227
map_000280.bin,map_008298.bin,1,0.856806,8298
map_000281.bin,map_024632.bin,38,0.856648,24632
map_000282.bin,map_021201.bin,9,0.856631,21201
map_000283.bin,map_035080.bin,66,0.856625,35080
map_000284.bin,map_017287.bin,35,0.856310,17287
map_000285.bin,map_016212.bin,5,0.856310,16212
map_000286.bin,map_014186.bin,21,0.856132,14186
map_000287.bin,map_010123.bin,26,0.856068,10123
map_000288.bin,map_041727.bin,9,0.856020,41727
map_000289.bin,map_007247.bin,94,0.856001,7247
map_000290.bin,map_014558.bin,9,0.855906,14558
map_000291.bin,map_033185.bin,34,0.855828,33185
map_000292.bin,map_011886.bin,6,0.855741,11886
map_000293.bin,map_019747.bin,16,0.855694,19747
map_000294.bin,map_003395.bin,19,0.855168,3395
map_000295.bin,map_012464.bin,10,0.855158,12464
map_000296.bin,map_002286.bin,50,0.855114,2286
map_000297.bin,map_002825.bin,28,0.854819,2825
map_000298.bin,map_038395.bin,42,0.854661,38395
map_000299.bin,map_030892.bin,14,0.854388,30892
map_000300.bin,map_027715.bin,27,0.854375,27715
map_000301.bin,map_019747.bin,4,0.854360,19747
map_000302.bin,map_013389.bin,2,0.854302,13389
map_000303.bin,map_025266.bin,24,0.854006,25266
map_000304.bin,map_029152.bin,29,0.853801,29152
map_000305.bin,map_033841.bin,4,0.853749,33841
map_000306.bin,map_026907.bin,35,0.853523,26907
map_000307.bin,map_028522.bin,0,0.853507,28522
map_000308.bin,map_026041.bin,13,0.853301,26041
map_000309.bin,map_027932.bin,51,0.853300,27932
map_000310.bin,map_031864.bin,27,0.853163,31864
map_000311.bin,map_038329.bin,22,0.853127,38329
map_000312.bin,map_037007.bin,37,0.852822,37007
map_000313.bin,map_041702.bin,12,0.852774,41702
map_000314.bin,map_007951.bin,81,0.852684,7951
map_000315.bin,map_018127.bin,20,0.852604,18127
map_000316.bin,map_020595.bin,12,0.852462,20595
map_000317.bin,map_028660.bin,1,0.852457,28660
map_000318.bin,map_018474.bin,31,0.852208,18474
map_000319.bin,map_005594.bin,3,0.852162,5594
map_000320.bin,map_012660.bin,10,0.851903,12660
map_000321.bin,map_015299.bin,2,0.851560,15299
map_000322.bin,map_010112.bin,17,0.851383,10112
map_000323.bin,map_031448.bin,5,0.851273,31448
map_000324.bin,map_040207.bin,11,0.851265,40207
map_000325.bin,map_019021.bin,54,0.851096,19021
map_000326.bin,map_021071.bin,6,0.850879,21071
map_000327.bin,map_000841.bin,45,0.850752,841
map_000328.bin,map_011700.bin,36,0.850670,11700
map_000329.bin,map_024378.bin,5,0.850656,24378
map_000330.bin,map_012237.bin,8,0.850635,12237
map_000331.bin,map_039461.bin,59,0.850532,39461
map_000332.bin,map_038371.bin,12,0.850482,38371
map_000333.bin,map_011187.bin,1,0.850427,11187
map_000334.bin,map_013374.bin,6,0.850228,13374
map_000335.bin,map_032142.bin,84,0.849953,32142
map_000336.bin,map_002385.bin,1,0.849907,2385
map_000337.bin,map_016151.bin,3,0.849718,16151
map_000338.bin,map_038746.bin,49,0.849466,38746
map_000339.bin,map_026608.bin,9,0.849229,26608
map_000340.bin,map_007423.bin,12,0.849206,7423
map_000341.bin,map_004548.bin,4,0.848854,4548
map_000342.bin,map_000437.bin,2,0.848660,437
map_000343.bin,map_014318.bin,38,0.848523,14318
map_000344.bin,map_029196.bin,10,0.848393,29196
map_000345.bin,map_007289.bin,2,0.848345,7289
map_000346.bin,map_015070.bin,0,0.848283,15070
map_000347.bin,map_022205.bin,26,0.848243,22205
map_000348.bin,map_030212.bin,12,0.848238,30212
map_000349.bin,map_039068.bin,12,0.847882,39068
map_000350.bin,map_021141.bin,83,0.847881,21141
map_000351.bin,map_002548.bin,35,0.847622,2548
map_000352.bin,map_040932.bin,9,0.847485,40932
map_000353.bin,map_019534.bin,4,0.847461,19534
map_000354.bin,map_011896.bin,90,0.847263,11896
map_000355.bin,map_010583.bin,13,0.847159,10583
map_000356.bin,map_004796.bin,62,0.847133,4796
map_000357.bin,map_022088.bin,19,0.846773,22088
map_000358.bin,map_021594.bin,5,0.846665,21594
map_000359.bin,map_000119.bin,37,0.846650,119
map_000360.bin,map_026446.bin,3,0.846547,26446
map_000361.bin,map_036627.bin,20,0.846474,36627
map_000362.bin,map_028258.bin,62,0.846181,28258
map_000363.bin,map_020825.bin,21,0.845847,20825
map_000364.bin,map_041323.bin,7,0.845318,41323
map_000365.bin,map_008965.bin,9,0.845273,8965
map_000366.bin,map_011425.bin,76,0.844914,11425
map_000367.bin,map_008910.bin,38,0.844840,8910
map_000368.bin,map_036943.bin,13,0.844823,36943
map_000369.bin,map_029357.bin,0,0.844780,29357
map_000370.bin,map_021150.bin,16,0.844609,21150
map_000371.bin,map_032634.bin,12,0.844192,32634
map_000372.bin,map_016151.bin,8,0.844097,16151
map_000373.bin,map_028739.bin,95,0.844054,28739
map_000374.bin,map_011897.bin,1,0.844048,11897
map_000375.bin,map_003348.bin,10,0.844029,3348
map_000376.bin,map_008470.bin,7,0.843956,8470
map_000377.bin,map_029632.bin,1,0.843677,29632
map_000378.bin,map_035589.bin,21,0.843660,35589
map_000379.bin,map_009773.bin,72,0.843570,9773
map_000380.bin,map_001252.bin,18,0.843437,1252
map_000381.bin,map_040758.bin,0,0.843245,40758
map_000382.bin,map_024762.bin,20,0.843033,24762
map_000383.bin,map_014407.bin,51,0.842983,14407
map_000384.bin,map_003289.bin,70,0.842679,3289
map_000385.bin,map_000242.bin,23,0.842642,242
map_000386.bin,map_014460.bin,83,0.842488,14460
map_000387.bin,map_018520.bin,14,0.842383,18520
map_000388.bin,map_032379.bin,12,0.842345,32379
map_000389.bin,map_009316.bin,37,0.842331,9316
map_000390.bin,map_017162.bin,2,0.842189,17162
map_000391.bin,map_041080.bin,19,0.842122,41080
map_000392.bin,map_023209.bin,2,0.842115,23209
map_000393.bin,map_007526.bin,14,0.842085,7526
map_000394.bin,map_028095.bin,0,0.842019,28095
map_000395.bin,map_039983.bin,11,0.842013,39983
map_000396.bin,map_035532.bin,13,0.841969,35532
map_000397.bin,map_025342.bin,10,0.841819,25342
map_000398.bin,map_011352.bin,27,0.841719,11352
map_000399.bin,map_019769.bin,9,0.841667,19769
map_000400.bin,map_022971.bin,14,0.841599,22971
map_000401.bin,map_025333.bin,83,0.841484,25333
map_000402.bin,map_010819.bin,6,0.841374,10819
map_000403.bin,map_036501.bin,43,0.840877,36501
map_000404.bin,map_033567.bin,167,0.840828,33567
map_000405.bin,map_041532.bin,11,0.840679,41532
map_000406.bin,map_001290.bin,21,0.840651,1290
map_000407.bin,map_016349.bin,10,0.840458,16349
map_000408.bin,map_000818.bin,11,0.840317,818
map_000409.bin,map_035266.bin,10,0.840305,35266
map_000410.bin,map_001767.bin,42,0.840295,1767
map_000411.bin,map_019633.bin,12,0.840254,19633
map_000412.bin,map_011847.bin,6,0.839986,11847
map_000413.bin,map_038055.bin,19,0.839983,38055
map_000414.bin,map_015070.bin,12,0.839975,15070
map_000415.bin,map_040509.bin,13,0.839695,40509
map_000416.bin,map_036481.bin,7,0.839584,36481
map_000417.bin,map_025655.bin,17,0.839568,25655
map_000418.bin,map_003371.bin,4,0.839361,3371
map_000419.bin,map_021306.bin,12,0.839208,21306
map_000420.bin,map_009450.bin,50,0.839197,9450
map_000421.bin,map_040632.bin,36,0.839190,40632
map_000422.bin,map_008776.bin,56,0.839083,8776
map_000423.bin,map_030437.bin,26,0.839036,30437
map_000424.bin,map_023907.bin,73,0.838886,23907
map_000425.bin,map_037662.bin,31,0.838865,37662
map_000426.bin,map_004160.bin,5,0.838673,4160
map_000427.bin,map_012526.bin,49,0.838440,12526
map_000428.bin,map_036584.bin,0,0.838436,36584
map_000429.bin,map_013753.bin,16,0.838374,13753
map_000430.bin,map_001160.bin,17,0.838252,1160
map_000431.bin,map_038421.bin,10,0.838164,38421
map_000432.bin,map_037929.bin,15,0.838100,37929
map_000433.bin,map_021315.bin,23,0.838085,21315
map_000434.bin,map_019376.bin,52,0.837854,19376
map_000435.bin,map_011402.bin,18,0.837630,11402
map_000436.bin,map_026715.bin,10,0.837516,26715
map_000437.bin,map_036899.bin,51,0.837454,36899
map_000438.bin,map_003378.bin,5,0.837283,3378
map_000439.bin,map_018474.bin,34,0.837267,18474
map_000440.bin,map_015268.bin,0,0.837252,15268
map_000441.bin,map_009058.bin,4,0.837154,9058
map_000442.bin,map_022945.bin,31,0.837043,22945
map_000443.bin,map_034466.bin,29,0.837017,34466
map_000444.bin,map_000787.bin,78,0.837002,787
map_000445.bin,map_019157.bin,26,0.836987,19157
map_000446.bin,map_020663.bin,8,0.836853,20663
map_000447.bin,map_005852.bin,1,0.836833,5852
map_000448.bin,map_005904.bin,58,0.836792,5904
map_000449.bin,map_006987.bin,28,0.836317,6987
map_000450.bin,map_001742.bin,1,0.836242,1742
map_000451.bin,map_014227.bin,4,0.836144,14227
map_000452.bin,map_033771.bin,21,0.835930,33771
map_000453.bin,map_001359.bin,10,0.835830,1359
map_000454.bin,map_017084.bin,3,0.835428,17084
map_000455.bin,map_041570.bin,54,0.835396,41570
map_000456.bin,map_038494.bin,27,0.835201,38494
map_000457.bin,map_011851.bin,26,0.835125,11851
map_000458.bin,map_019111.bin,12,0.835029,19111
map_000459.bin,map_036126.bin,16,0.835003,36126
map_000460.bin,map_011441.bin,49,0.834802,11441
map_000461.bin,map_000323.bin,32,0.834715,323
map_000462.bin,map_032031.bin,7,0.834693,32031
map_000463.bin,map_029151.bin,53,0.834657,29151
map_000464.bin,map_016151.bin,10,0.834574,16151
map_000465.bin,map_041724.bin,18,0.834564,41724
map_000466.bin,map_027842.bin,17,0.834533,27842
map_000467.bin,map_019633.bin,0,0.834461,19633
map_000468.bin,map_010568.bin,7,0.834451,10568
map_000469.bin,map_030794.bin,20,0.833999,30794
map_000470.bin,map_041089.bin,3,0.833860,41089
map_000471.bin,map_041532.bin,21,0.833799,41532
map_000472.bin,map_040557.bin,3,0.833758,40557
map_000473.bin,map_000760.bin,41,0.833642,760
map_000474.bin,map_024575.bin,4,0.833641,24575
map_000475.bin,map_027790.bin,2,0.833449,27790
map_000476.bin,map_025436.bin,13,0.833389,25436
map_000477.bin,map_002403.bin,24,0.833327,2403
map_000478.bin,map_040725.bin,20,0.833178,40725
map_000479.bin,map_033587.bin,8,0.832912,33587
map_000480.bin,map_035203.bin,9,0.832858,35203
map_000481.bin,map_027171.bin,56,0.832789,27171
map_000482.bin,map_000055.bin,0,0.832704,55
map_000483.bin,map_010336.bin,19,0.832612,10336
map_000484.bin,map_019239.bin,18,0.832241,19239
map_000485.bin,map_019999.bin,4,0.831917,19999
map_000486.bin,map_033918.bin,17,0.831887,33918
map_000487.bin,map_025546.bin,17,0.831851,25546
map_000488.bin,map_012781.bin,41,0.831718,12781
map_000489.bin,map_013068.bin,75,0.831376,13068
map_000490.bin,map_001373.bin,97,0.831158,1373
map_000491.bin,map_011187.bin,2,0.831033,11187
map_000492.bin,map_029789.bin,16,0.831012,29789
map_000493.bin,map_005859.bin,16,0.830993,5859
map_000494.bin,map_001003.bin,13,0.830903,1003
map_000495.bin,map_037610.bin,67,0.830812,37610
map_000496.bin,map_005406.bin,6,0.830766,5406
map_000497.bin,map_037259.bin,47,0.830652,37259
map_000498.bin,map_031279.bin,3,0.830641,31279
map_000499.bin,map_031798.bin,12,0.830353,31798
map_000500.bin,map_029010.bin,24,0.830250,29010
map_000501.bin,map_035110.bin,37,0.830121,35110
map_000502.bin,map_018595.bin,9,0.830106,18595
map_000503.bin,map_039723.bin,10,0.830017,39723
map_000504.bin,map_004671.bin,19,0.830000,4671
map_000505.bin,map_034597.bin,32,0.829972,34597
map_000506.bin,map_006301.bin,6,0.829967,6301
map_000507.bin,map_017121.bin,33,0.829940,17121
map_000508.bin,map_035933.bin,36,0.829866,35933
map_000509.bin,map_001833.bin,32,0.829842,1833
map_000510.bin,map_003518.bin,13,0.829830,3518
map_000511.bin,map_038682.bin,15,0.829793,38682
map_000512.bin,map_027754.bin,2,0.829719,27754
map_000513.bin,map_020690.bin,45,0.829416,20690
map_000514.bin,map_038934.bin,15,0.829383,38934
map_000515.bin,map_010462.bin,27,0.829343,10462
map_000516.bin,map_006551.bin,156,0.829250,6551
map_000517.bin,map_022896.bin,15,0.829144,22896
map_000518.bin,map_023721.bin,5,0.829056,23721
map_000519.bin,map_021514.bin,45,0.828977,21514
map_000520.bin,map_013367.bin,55,0.828970,13367
map_000521.bin,map_033919.bin,66,0.828838,33919
map_000522.bin,map_004166.bin,31,0.828836,4166
map_000523.bin,map_014898.bin,93,0.828635,14898
map_000524.bin,map_040725.bin,14,0.828619,40725
map_000525.bin,map_019036.bin,24,0.828534,19036
map_000526.bin,map_012171.bin,2,0.828442,12171
map_000527.bin,map_001918.bin,14,0.828367,1918
map_000528.bin,map_012526.bin,77,0.828307,12526
map_000529.bin,map_026365.bin,6,0.828259,26365
map_000530.bin,map_020420.bin,26,0.828136,20420
map_000531.bin,map_011294.bin,7,0.828100,11294
map_000532.bin,map_034985.bin,6,0.827962,34985
map_000533.bin,map_040927.bin,30,0.827835,40927
map_000534.bin,map_023745.bin,9,0.827736,23745
map_000535.bin,map_002584.bin,24,0.827696,2584
map_000536.bin,map_000323.bin,19,0.827677,323
map_000537.bin,map_034628.bin,1,0.827658,34628
map_000538.bin,map_017648.bin,31,0.827404,17648
map_000539.bin,map_019794.bin,4,0.827249,19794
map_000540.bin,map_015005.bin,6,0.827115,15005
map_000541.bin,map_019468.bin,1,0.827090,19468
map_000542.bin,map_021070.bin,27,0.827084,21070
map_000543.bin,map_015299.bin,1,0.827030,15299
map_000544.bin,map_026714.bin,47,0.826964,26714
map_000545.bin,map_008910.bin,46,0.826782,8910
map_000546.bin,map_017105.bin,23,0.826435,17105
map_000547.bin,map_012774.bin,25,0.826369,12774
map_000548.bin,map_010347.bin,14,0.826318,10347
map_000549.bin,map_038900.bin,7,0.826244,38900
map_000550.bin,map_036496.bin,56,0.826225,36496
map_000551.bin,map_024725.bin,10,0.826140,24725
map_000552.bin,map_008896.bin,2,0.826095,8896
map_000553.bin,map_025822.bin,30,0.826077,25822
map_000554.bin,map_007796.bin,5,0.825772,7796
map_000555.bin,map_041303.bin,11,0.825681,41303
map_000556.bin,map_030351.bin,1,0.825639,30351
map_000557.bin,map_002565.bin,4,0.825397,2565
map_000558.bin,map_030054.bin,8,0.825306,30054
map_000559.bin,map_020595.bin,25,0.825115,20595
map_000560.bin,map_038529.bin,5,0.825091,38529
map_000561.bin,map_013102.bin,3,0.825014,13102
map_000562.bin,map_010780.bin,2,0.824992,10780
map_000563.bin,map_005523.bin,40,0.824934,5523
map_000564.bin,map_026045.bin,1,0.824857,26045
map_000565.bin,map_022317.bin,1,0.824700,22317
map_000566.bin,map_002039.bin,30,0.824554,2039
map_000567.bin,map_033841.bin,2,0.824475,33841
map_000568.bin,map_012355.bin,13,0.824417,12355
map_000569.bin,map_009058.bin,12,0.824393,9058
map_000570.bin,map_014622.bin,1,0.824323,14622
map_000571.bin,map_026133.bin,36,0.824228,26133
map_000572.bin,map_024467.bin,9,0.824089,24467
map_000573.bin,map_038577.bin,8,0.824057,38577
map_000574.bin,map_023452.bin,44,0.824016,23452
map_000575.bin,map_038559.bin,14,0.823855,38559
map_000576.bin,map_008525.bin,26,0.823716,8525
map_000577.bin,map_010347.bin,4,0.823703,10347
map_000578.bin,map_032408.bin,3,0.823697,32408
map_000579.bin,map_024109.bin,1,0.823635,24109
map_000580.bin,map_036734.bin,66,0.823592,36734
map_000581.bin,map_013276.bin,26,0.823591,13276
map_000582.bin,map_018324.bin,50,0.823464,18324
map_000583.bin,map_005108.bin,11,0.823415,5108
map_000584.bin,map_021267.bin,2,0.823374,21267
map_000585.bin,map_041494.bin,1,0.823302,41494
map_000586.bin,map_028445.bin,3,0.823298,28445
map_000587.bin,map_017244.bin,5,0.823236,17244
map_000588.bin,map_023249.bin,19,0.823092,23249
map_000589.bin,map_017607.bin,0,0.823067,17607
map_000590.bin,map_003378.bin,1,0.823019,3378
map_000591.bin,map_017889.bin,25,0.823005,17889
map_000592.bin,map_011650.bin,12,0.822770,11650
map_000593.bin,map_009786.bin,3,0.822328,9786
map_000594.bin,map_003906.bin,8,0.822317,3906
map_000595.bin,map_025580.bin,78,0.822103,25580
map_000596.bin,map_040593.bin,8,0.822053,40593
map_000597.bin,map_039813.bin,1,0.821825,39813
map_000598.bin,map_004368.bin,44,0.821761,4368
map_000599.bin,map_023061.bin,41,0.821557,23061
map_000600.bin,map_014915.bin,16,0.821421,14915
map_000601.bin,map_033031.bin,27,0.821414,33031
map_000602.bin,map_024575.bin,6,0.821394,24575
map_000603.bin,map_041471.bin,40,0.821379,41471
map_000604.bin,map_019135.bin,75,0.821213,19135
map_000605.bin,map_025804.bin,12,0.821161,25804
map_000606.bin,map_015299.bin,11,0.821098,15299
map_000607.bin,map_017618.bin,7,0.821064,17618
map_000608.bin,map_030914.bin,68,0.821042,30914
map_000609.bin,map_002243.bin,58,0.821024,2243
map_000610.bin,map_036649.bin,32,0.821019,36649
map_000611.bin,map_013753.bin,9,0.820853,13753
map_000612.bin,map_024926.bin,13,0.820821,24926
map_000613.bin,map_006591.bin,9,0.820787,6591
map_000614.bin,map_027790.bin,6,0.820730,27790
map_000615.bin,map_028445.bin,13,0.820573,28445
map_000616.bin,map_007759.bin,114,0.820559,7759
map_000617.bin,map_034037.bin,19,0.820530,34037
map_000618.bin,map_014090.bin,113,0.820509,14090
map_000619.bin,map_017333.bin,0,0.820484,17333
map_000620.bin,map_013234.bin,42,0.820387,13234
map_000621.bin,map_002274.bin,85,0.820314,2274
map_000622.bin,map_010680.bin,25,0.820241,10680
map_000623.bin,map_010490.bin,23,0.820192,10490
map_000624.bin,map_038371.bin,11,0.820163,38371
map_000625.bin,map_029350.bin,59,0.820140,29350
map_000626.bin,map_037106.bin,11,0.820033,37106
map_000627.bin,map_000620.bin,17,0.820024,620
map_000628.bin,map_009983.bin,14,0.820000,9983
map_000629.bin,map_022148.bin,11,0.819967,22148
map_000630.bin,map_021137.bin,5,0.819920,21137
map_000631.bin,map_023914.bin,22,0.819855,23914
map_000632.bin,map_035538.bin,7,0.819713,35538
map_000633.bin,map_037864.bin,11,0.819696,37864
map_000634.bin,map_008269.bin,6,0.819637,8269
map_000635.bin,map_020662.bin,94,0.819478,20662
map_000636.bin,map_016932.bin,1,0.819467,16932
map_000637.bin,map_011777.bin,0,0.819458,11777
map_000638.bin,map_038449.bin,65,0.819398,38449
map_000639.bin,map_031961.bin,40,0.819324,31961
map_000640.bin,map_024476.bin,51,0.819283,24476
map_000641.bin,map_020187.bin,8,0.819205,20187
map_000642.bin,map_027035.bin,25,0.819074,27035
map_000643.bin,map_026875.bin,44,0.818981,26875
map_000644.bin,map_040908.bin,54,0.818945,40908
map_000645.bin,map_011807.bin,3,0.818943,11807
map_000646.bin,map_009677.bin,63,0.818915,9677
map_000647.bin,map_019342.bin,11,0.818859,19342
map_000648.bin,map_012547.bin,2,0.818768,12547
map_000649.bin,map_015347.bin,15,0.818749,15347
map_000650.bin,map_022469.bin,33,0.818525,22469
map_000651.bin,map_000137.bin,26,0.818486,137
map_000652.bin,map_005595.bin,33,0.818385,5595
map_000653.bin,map_017530.bin,34,0.818317,17530
map_000654.bin,map_016064.bin,42,0.818281,16064
map_000655.bin,map_016795.bin,137,0.818241,16795
map_000656.bin,map_023466.bin,8,0.818228,23466
map_000657.bin,map_037976.bin,1,0.818203,37976
map_000658.bin,map_008230.bin,34,0.818084,8230
map_000659.bin,map_003531.bin,22,0.818046,3531
map_000660.bin,map_008373.bin,73,0.818010,8373
map_000661.bin,map_015288.bin,0,0.817966,15288
map_000662.bin,map_034887.bin,21,0.817926,34887
map_000663.bin,map_009596.bin,6,0.817843,9596
map_000664.bin,map_019572.bin,25,0.817834,19572
map_000665.bin,map_013920.bin,38,0.817820,13920
map_000666.bin,map_013567.bin,21,0.817799,13567
map_000667.bin,map_009312.bin,40,0.817785,9312
map_000668.bin,map_025568.bin,23,0.817781,25568
map_000669.bin,map_022558.bin,69,0.817709,22558
map_000670.bin,map_009593.bin,67,0.817634,9593
map_000671.bin,map_040664.bin,33,0.817562,40664
map_000672.bin,map_016774.bin,3,0.817549,16774
map_000673.bin,map_031710.bin,36,0.817529,31710
map_000674.bin,map_010342.bin,8,0.817378,10342
map_000675.bin,map_015347.bin,4,0.817373,15347
map_000676.bin,map_022868.bin,31,0.817369,22868
map_000677.bin,map_019410.bin,7,0.817343,19410
map_000678.bin,map_009838.bin,25,0.817333,9838
map_000679.bin,map_031710.bin,28,0.817319,31710
map_000680.bin,map_039449.bin,7,0.817284,39449
map_000681.bin,map_038097.bin,33,0.817055,38097
map_000682.bin,map_019747.bin,6,0.817043,19747
map_000683.bin,map_025546.bin,22,0.816810,25546
map_000684.bin,map_010222.bin,33,0.816795,10222
map_000685.bin,map_027777.bin,109,0.816427,27777
map_000686.bin,map_012526.bin,56,0.816376,12526
map_000687.bin,map_034037.bin,32,0.816282,34037
map_000688.bin,map_003042.bin,38,0.816227,3042
map_000689.bin,map_023425.bin,23,0.816152,23425
map_000690.bin,map_029556.bin,55,0.815999,29556
map_000691.bin,map_034483.bin,13,0.815951,34483
map_000692.bin,map_037530.bin,10,0.815913,37530
map_000693.bin,map_033465.bin,2,0.815795,33465
map_000694.bin,map_013599.bin,32,0.815706,13599
map_000695.bin,map_010884.bin,20,0.815662,10884
map_000696.bin,map_038887.bin,53,0.815632,38887
map_000697.bin,map_014311.bin,61,0.815593,14311
map_000698.bin,map_025603.bin,117,0.815566,25603
map_000699.bin,map_008634.bin,25,0.815493,8634
map_000700.bin,map_019677.bin,31,0.815488,19677
map_000701.bin,map_032107.bin,22,0.815455,32107
map_000702.bin,map_006337.bin,0,0.815336,6337
map_000703.bin,map_037514.bin,30,0.815331,37514
map_000704.bin,map_015764.bin,0,0.815024,15764
map_000705.bin,map_036126.bin,13,0.814992,36126
map_000706.bin,map_038569.bin,5,0.814825,38569
map_000707.bin,map_012269.bin,23,0.814636,12269
map_000708.bin,map_008365.bin,11,0.814288,8365
map_000709.bin,map_009733.bin,1,0.814128,9733
map_000710.bin,map_009889.bin,48,0.814102,9889
map_000711.bin,map_005373.bin,22,0.814062,5373
map_000712.bin,map_003513.bin,14,0.813976,3513
map_000713.bin,map_041725.bin,21,0.813925,41725
map_000714.bin,map_012442.bin,0,0.813798,12442
map_000715.bin,map_012719.bin,20,0.813797,12719
map_000716.bin,map_021561.bin,47,0.813596,21561
map_000717.bin,map_000779.bin,0,0.813586,779
map_000718.bin,map_002446.bin,8,0.813565,2446
map_000719.bin,map_029682.bin,3,0.813543,29682
map_000720.bin,map_029546.bin,20,0.813481,29546
map_000721.bin,map_026198.bin,4,0.813426,26198
map_000722.bin,map_032281.bin,3,0.813021,32281
map_000723.bin,map_009983.bin,1,0.812927,9983
map_000724.bin,map_014763.bin,134,0.812827,14763
map_000725.bin,map_040530.bin,4,0.812815,40530
map_000726.bin,map_016349.bin,9,0.812647,16349
map_000727.bin,map_024887.bin,5,0.812576,24887
map_000728.bin,map_041186.bin,16,0.812502,41186
map_000729.bin,map_029142.bin,103,0.812326,29142
map_000730.bin,map_012660.bin,19,0.812308,12660
map_000731.bin,map_019572.bin,12,0.812283,19572
map_000732.bin,map_012136.bin,1,0.812269,12136
map_000733.bin,map_010600.bin,21,0.812211,10600
map_000734.bin,map_012237.bin,37,0.812064,12237
map_000735.bin,map_039611.bin,30,0.811894,39611
map_000736.bin,map_000760.bin,47,0.811750,760
map_000737.bin,map_041303.bin,17,0.811722,41303
map_000738.bin,map_019239.bin,23,0.811681,19239
map_000739.bin,map_039644.bin,7,0.811629,39644
map_000740.bin,map_022361.bin,25,0.811589,22361
map_000741.bin,map_008038.bin,57,0.811498,8038
map_000742.bin,map_004148.bin,19,0.811445,4148
map_000743.bin,map_036590.bin,21,0.811385,36590
map_000744.bin,map_036627.bin,92,0.811324,36627
map_000745.bin,map_040459.bin,24,0.811321,40459
map_000746.bin,map_020595.bin,16,0.811311,20595
map_000747.bin,map_036017.bin,64,0.811225,36017
map_000748.bin,map_021319.bin,35,0.811091,21319
map_000749.bin,map_019762.bin,37,0.811004,19762
map_000750.bin,map_020307.bin,5,0.810971,20307
map_000751.bin,map_017231.bin,3,0.810971,17231
map_000752.bin,map_022422.bin,4,0.810843,22422
map_000753.bin,map_033258.bin,20,0.810766,33258
map_000754.bin,map_018777.bin,34,0.810726,18777
map_000755.bin,map_035614.bin,23,0.810699,35614
map_000756.bin,map_026195.bin,111,0.810698,26195
map_000757.bin,map_003899.bin,6,0.810683,3899
map_000758.bin,map_012136.bin,22,0.810454,12136
map_000759.bin,map_022945.bin,40,0.810444,22945
map_000760.bin,map_031609.bin,19,0.810388,31609
map_000761.bin,map_039723.bin,16,0.810350,39723
map_000762.bin,map_013396.bin,32,0.810278,13396
map_000763.bin,map_003802.bin,33,0.810183,3802
map_000764.bin,map_028521.bin,15,0.810047,28521
map_000765.bin,map_037603.bin,65,0.810044,37603
map_000766.bin,map_027567.bin,5,0.810025,27567
map_000767.bin,map_041082.bin,34,0.809944,41082
map_000768.bin,map_015140.bin,40,0.809751,15140
map_000769.bin,map_026212.bin,1,0.809698,26212
map_000770.bin,map_002939.bin,2,0.809695,2939
map_000771.bin,map_035983.bin,18,0.809572,35983
map_000772.bin,map_002726.bin,94,0.809434,2726
map_000773.bin,map_041558.bin,20,0.809432,41558
map_000774.bin,map_027469.bin,44,0.809192,27469
map_000775.bin,map_020739.bin,10,0.809106,20739
map_000776.bin,map_007923.bin,3,0.809031,7923
map_000777.bin,map_001920.bin,11,0.809017,1920
map_000778.bin,map_037891.bin,35,0.808853,37891
map_000779.bin,map_030978.bin,6,0.808848,30978
map_000780.bin,map_009214.bin,6,0.808660,9214
map_000781.bin,map_040432.bin,75,0.808595,40432
map_000782.bin,map_003526.bin,5,0.808545,3526
map_000783.bin,map_041141.bin,6,0.808525,41141
map_000784.bin,map_039813.bin,19,0.808495,39813
map_000785.bin,map_035813.bin,63,0.808490,35813
map_000786.bin,map_019623.bin,24,0.808405,19623
map_000787.bin,map_013946.bin,8,0.808402,13946
map_000788.bin,map_022412.bin,18,0.808172,22412
map_000789.bin,map_036883.bin,0,0.808058,36883
map_000790.bin,map_004401.bin,8,0.807902,4401
map_000791.bin,map_013515.bin,5,0.807882,13515
map_000792.bin,map_019040.bin,6,0.807856,19040
map_000793.bin,map_041532.bin,20,0.807836,41532
map_000794.bin,map_019897.bin,18,0.807782,19897
map_000795.bin,map_007835.bin,31,0.807753,7835
map_000796.bin,map_030881.bin,60,0.807703,30881
map_000797.bin,map_032035.bin,25,0.807683,32035
map_000798.bin,map_001159.bin,24,0.807658,1159
map_000799.bin,map_023857.bin,107,0.807543,23857
map_000800.bin,map_006886.bin,25,0.807527,6886
map_000801.bin,map_037091.bin,18,0.807407,37091
map_000802.bin,map_040609.bin,6,0.807333,40609
map_000803.bin,map_024836.bin,39,0.807285,24836
map_000804.bin,map_036404.bin,11,0.807255,36404
map_000805.bin,map_019807.bin,68,0.807157,19807
map_000806.bin,map_031789.bin,53,0.807121,31789
map_000807.bin,map_021369.bin,31,0.807064,21369
map_000808.bin,map_029041.bin,15,0.807029,29041
map_000809.bin,map_032313.bin,31,0.806814,32313
map_000810.bin,map_038434.bin,1,0.806674,38434
map_000811.bin,map_002776.bin,35,0.806635,2776
map_000812.bin,map_007913.bin,16,0.806631,7913
map_000813.bin,map_006512.bin,36,0.806615,6512
map_000814.bin,map_008340.bin,11,0.806483,8340
map_000815.bin,map_038152.bin,1,0.806388,38152
map_000816.bin,map_020101.bin,10,0.806269,20101
map_000817.bin,map_039799.bin,17,0.806181,39799
map_000818.bin,map_012582.bin,10,0.806156,12582
map_000819.bin,map_027986.bin,4,0.806147,27986
map_000820.bin,map_016914.bin,9,0.806118,16914
map_000821.bin,map_011628.bin,1,0.805962,11628
map_000822.bin,map_041627.bin,8,0.805898,41627
map_000823.bin,map_003159.bin,18,0.805728,3159
map_000824.bin,map_009253.bin,7,0.805657,9253
map_000825.bin,map_000620.bin,11,0.805595,620
map_000826.bin,map_003023.bin,47,0.805548,3023
map_000827.bin,map_030243.bin,9,0.805436,30243
map_000828.bin,map_029144.bin,18,0.805380,29144
map_000829.bin,map_009072.bin,24,0.805377,9072
map_000830.bin,map_030187.bin,21,0.805332,30187
map_000831.bin,map_003151.bin,23,0.805133,3151
map_000832.bin,map_008882.bin,15,0.805107,8882
map_000833.bin,map_008439.bin,2,0.805056,8439
map_000834.bin,map_002246.bin,12,0.804943,2246
map_000835.bin,map_021780.bin,7,0.804775,21780
map_000836.bin,map_002145.bin,3,0.804618,2145
map_000837.bin,map_007592.bin,6,0.804572,7592
map_000838.bin,map_021897.bin,8,0.804556,21897
map_000839.bin,map_029030.bin,77,0.804524,29030
map_000840.bin,map_011719.bin,9,0.804478,11719
map_000841.bin,map_024094.bin,17,0.804412,24094
map_000842.bin,map_040747.bin,49,0.804146,40747
map_000843.bin,map_013211.bin,2,0.804107,13211
map_000844.bin,map_017530.bin,43,0.804003,17530
map_000845.bin,map_015299.bin,25,0.803789,15299
map_000846.bin,map_041341.bin,17,0.803721,41341
map_000847.bin,map_009881.bin,15,0.803411,9881
map_000848.bin,map_002573.bin,155,0.803361,2573
map_000849.bin,map_009913.bin,16,0.803230,9913
map_000850.bin,map_015824.bin,7,0.803130,15824
map_000851.bin,map_008867.bin,0,0.803108,8867
map_000852.bin,map_013179.bin,48,0.803071,13179
map_000853.bin,map_026035.bin,22,0.803041,26035
map_000854.bin,map_029647.bin,6,0.802970,29647
map_000855.bin,map_027465.bin,24,0.802898,27465
map_000856.bin,map_024770.bin,0,0.802896,24770
map_000857.bin,map_019718.bin,27,0.802781,19718
map_000858.bin,map_007288.bin,41,0.802778,7288
map_000859.bin,map_008282.bin,6,0.802748,8282
map_000860.bin,map_012413.bin,31,0.802610,12413
map_000861.bin,map_025894.bin,85,0.802609,25894
map_000862.bin,map_041281.bin,1,0.802606,41281
map_000863.bin,map_023231.bin,9,0.802571,23231
map_000864.bin,map_037248.bin,63,0.802290,37248
map_000865.bin,map_020595.bin,9,0.802127,20595
map_000866.bin,map_014080.bin,65,0.802110,14080
map_000867.bin,map_021514.bin,52,0.802073,21514
map_000868.bin,map_011954.bin,13,0.802046,11954
map_000869.bin,map_023478.bin,12,0.801904,23478
map_000870.bin,map_007912.bin,11,0.801821,7912
map_000871.bin,map_038791.bin,31,0.801778,38791
map_000872.bin,map_006949.bin,21,0.801686,6949
map_000873.bin,map_000525.bin,12,0.801669,525
map_000874.bin,map_023132.bin,10,0.801667,23132
map_000875.bin,map_038122.bin,36,0.801657,38122
map_000876.bin,map_001783.bin,7,0.801599,1783
map_000877.bin,map_031888.bin,40,0.801587,31888
map_000878.bin,map_025938.bin,26,0.801489,25938
map_000879.bin,map_017160.bin,14,0.801344,17160
map_000880.bin,map_035158.bin,44,0.801160,35158
map_000881.bin,map_038519.bin,23,0.801079,38519
map_000882.bin,map_008318.bin,21,0.801074,8318
map_000883.bin,map_027453.bin,19,0.801066,27453
map_000884.bin,map_001500.bin,6,0.800982,1500
map_000885.bin,map_015140.bin,1,0.800933,15140
map_000886.bin,map_007453.bin,3,0.800926,7453
map_000887.bin,map_035614.bin,21,0.800850,35614
map_000888.bin,map_041346.bin,57,0.800846,41346
map_000889.bin,map_008525.bin,25,0.800815,8525
map_000890.bin,map_041228.bin,27,0.800600,41228
map_000891.bin,map_016764.bin,17,0.800332,16764
map_000892.bin,map_021267.bin,5,0.800324,21267
map_000893.bin,map_025470.bin,52,0.800132,25470
map_000894.bin,map_007170.bin,54,0.800123,7170
map_000895.bin,map_020808.bin,2,0.800122,20808
map_000896.bin,map_017084.bin,2,0.800091,17084
map_000897.bin,map_021114.bin,1,0.800002,21114
map_000898.bin,map_002010.bin,9,0.799961,2010
map_000899.bin,map_021664.bin,22,0.799950,21664
map_000900.bin,map_012136.bin,40,0.799924,12136
map_000901.bin,map_034548.bin,19,0.799847,34548
map_000902.bin,map_034017.bin,43,0.799836,34017
map_000903.bin,map_004925.bin,4,0.799716,4925
map_000904.bin,map_020164.bin,6,0.799662,20164
map_000905.bin,map_017889.bin,18,0.799611,17889
map_000906.bin,map_032001.bin,16,0.799601,32001
map_000907.bin,map_026908.bin,20,0.799583,26908
map_000908.bin,map_012657.bin,12,0.799559,12657
map_000909.bin,map_009672.bin,5,0.799539,9672
map_000910.bin,map_021150.bin,9,0.799538,21150
map_000911.bin,map_039567.bin,32,0.799536,39567
map_000912.bin,map_027362.bin,7,0.799520,27362
map_000913.bin,map_040207.bin,18,0.799476,40207
map_000914.bin,map_011106.bin,85,0.799429,11106
map_000915.bin,map_032973.bin,30,0.799380,32973
map_000916.bin,map_018623.bin,47,0.799319,18623
map_000917.bin,map_041595.bin,2,0.799220,41595
map_000918.bin,map_011999.bin,5,0.799212,11999
map_000919.bin,map_008026.bin,99,0.799114,8026
map_000920.bin,map_011384.bin,15,0.799072,11384
map_000921.bin,map_029357.bin,5,0.799004,29357
map_000922.bin,map_034457.bin,15,0.798861,34457
map_000923.bin,map_002246.bin,24,0.798860,2246
map_000924.bin,map_023914.bin,39,0.798741,23914
map_000925.bin,map_024037.bin,74,0.798716,24037
map_000926.bin,map_027465.bin,22,0.798689,27465
map_000927.bin,map_007515.bin,2,0.798680,7515
map_000928.bin,map_024475.bin,3,0.798641,24475
map_000929.bin,map_016782.bin,3,0.798588,16782
map_000930.bin,map_004844.bin,17,0.798390,4844
map_000931.bin,map_016889.bin,38,0.798374,16889
map_000932.bin,map_003981.bin,12,0.798187,3981
map_000933.bin,map_029875.bin,26,0.798165,29875
map_000934.bin,map_004192.bin,58,0.798108,4192
map_000935.bin,map_019175.bin,14,0.798043,19175
map_000936.bin,map_033061.bin,8,0.797822,33061
map_000937.bin,map_041532.bin,8,0.797729,41532
map_000938.bin,map_027027.bin,50,0.797690,27027
map_000939.bin,map_025526.bin,64,0.797616,25526
map_000940.bin,map_003289.bin,79,0.797606,3289
map_000941.bin,map_019665.bin,59,0.797517,19665
map_000942.bin,map_029248.bin,49,0.797497,29248
map_000943.bin,map_029166.bin,4,0.797472,29166
map_000944.bin,map_027237.bin,3,0.797398,27237
map_000945.bin,map_033061.bin,108,0.797368,33061
map_000946.bin,map_022469.bin,22,0.797311,22469
map_000947.bin,map_027171.bin,42,0.797240,27171
map_000948.bin,map_032841.bin,24,0.797234,32841
map_000949.bin,map_035589.bin,20,0.797089,35589
map_000950.bin,map_029152.bin,57,0.797001,29152
map_000951.bin,map_020164.bin,5,0.796965,20164
map_000952.bin,map_009288.bin,18,0.796805,9288
map_000953.bin,map_019656.bin,29,0.796804,19656
map_000954.bin,map_039450.bin,6,0.796746,39450
map_000955.bin,map_016490.bin,24,0.796715,16490
map_000956.bin,map_039527.bin,102,0.796700,39527
map_000957.bin,map_025436.bin,69,0.796689,25436
map_000958.bin,map_008244.bin,6,0.796647,8244
map_000959.bin,map_017022.bin,29,0.796590,17022
map_000960.bin,map_010342.bin,9,0.796541,10342
map_000961.bin,map_038682.bin,17,0.796507,38682
map_000962.bin,map_018150.bin,42,0.796485,18150
map_000963.bin,map_022411.bin,8,0.796405,22411
map_000964.bin,map_026009.bin,36,0.796386,26009
map_000965.bin,map_022867.bin,8,0.796361,22867
map_000966.bin,map_012831.bin,5,0.796291,12831
map_000967.bin,map_005728.bin,3,0.796082,5728
map_000968.bin,map_030858.bin,44,0.795952,30858
map_000969.bin,map_028412.bin,15,0.795887,28412
map_000970.bin,map_031545.bin,41,0.795876,31545
map_000971.bin,map_019335.bin,4,0.795730,19335
map_000972.bin,map_028817.bin,24,0.795558,28817
map_000973.bin,map_024475.bin,1,0.795450,24475
map_000974.bin,map_038340.bin,3,0.795412,38340
map_000975.bin,map_006238.bin,36,0.795408,6238
map_000976.bin,map_007042.bin,18,0.795400,7042
map_000977.bin,map_020739.bin,15,0.795392,20739
map_000978.bin,map_018948.bin,33,0.795245,18948
map_000979.bin,map_014396.bin,0,0.795215,14396
map_000980.bin,map_023552.bin,57,0.795173,23552
map_000981.bin,map_020567.bin,9,0.795168,20567
map_000982.bin,map_041603.bin,25,0.795106,41603
map_000983.bin,map_029959.bin,54,0.795037,29959
map_000984.bin,map_009773.bin,70,0.794975,9773
map_000985.bin,map_018036.bin,7,0.794955,18036
map_000986.bin,map_004534.bin,2,0.794795,4534
map_000987.bin,map_027909.bin,38,0.794779,27909
map_000988.bin,map_036263.bin,9,0.794758,36263
map_000989.bin,map_019914.bin,17,0.794663,19914
map_000990.bin,map_013224.bin,15,0.794638,13224
map_000991.bin,map_033783.bin,14,0.794552,33783
map_000992.bin,map_041724.bin,1,0.794534,41724
map_000993.bin,map_038577.bin,2,0.794376,38577
map_000994.bin,map_040744.bin,24,0.794215,40744
map_000995.bin,map_013535.bin,5,0.794174,13535
map_000996.bin,map_001679.bin,4,0.794135,1679
map_000997.bin,map_038564.bin,4,0.794102,38564
map_000998.bin,map_002012.bin,40,0.794042,2012
map_000999.bin,map_013309.bin,17,0.794000,13309
